original_text,finbert_sentiment,roberta_sentiment,vader_sentiment,financialbert_sentiment,true_label
Barnes &amp; Noble Education $BNED versus Hibbett Sports $HIBB Head to Head Analysis https://t.co/SXlHxzMCjy,neutral,neutral,positive,neutral,neutral
Seagate BarraCuda SSD Review @Seagate @_adam_armstrong $STX https://t.co/nFagyr6vaN https://t.co/y127iKfOSb,neutral,neutral,neutral,neutral,neutral
RT @420_invest: 🍁@420_invest🍁  We fund #marijuana opportunities. DM us !  $AERO $ABBV $ACAN $ACNFF $ACBFF $AGSTF $AMMJ $APHQF $ATTBF $AXI…,neutral,neutral,positive,neutral,neutral
Assurant $AIZ Coverage Initiated at Keefe Bruyette &amp; Woods https://t.co/7YZg1L35Yd,neutral,neutral,neutral,neutral,neutral
Motorola Solutions $MSI Downgraded by Zacks Investment Research https://t.co/GYS32AQwi4,negative,negative,positive,neutral,negative
Douglas Emmett $DEI &amp; Mid-America Apartment Communities $MAA Critical Comparison https://t.co/MQbqkJrJqy,neutral,neutral,negative,neutral,neutral
$INFO new insider selling: 100 shares. https://t.co/NJBlAgiEhU,neutral,neutral,positive,neutral,neutral
$HCA open interest for maturity 07/13/2018. High put=101.00 High call=106.00 #maxpain #options… https://t.co/ZRzL9oPL9n,neutral,neutral,positive,neutral,neutral
$CME Max Pain=165.00. Maturity=07/20/2018. #maxpain #options https://t.co/KCUNO8GDjz https://t.co/I7fzz8Z7Yw,neutral,neutral,negative,neutral,neutral
Platform Specialty Products $PAH Rating Increased to Sell at ValuEngine https://t.co/sEEAG2lCdi,positive,neutral,positive,positive,positive
RT @kirillklip: #KirillKlip: #GEM #Royalty #TNRGold $TNR.v Strategic Stake in #InternationalLithium #ILC $ILC.v &amp; #Royalty on #Mariana #Lit…,neutral,neutral,neutral,neutral,neutral
Coin listings pumps 20-100%. Our bot detects it before official announcements! 🤑  Join Us ➡️… https://t.co/ONIkvcfJDY,neutral,neutral,positive,neutral,neutral
$UNM Unum Group (NYSE:UNM) FAST Graphs Fundamental Valuation by the Numbers Analysis https://t.co/xeCsVXnYN2,neutral,neutral,neutral,neutral,neutral
#FastMoneyEspresso FINAL CALLS: Scott Wapner —&gt; buy $VFC Joe Terranova  —&gt; buy $PNC Jim Lebenthal —&gt; buy $QRVO Stev… https://t.co/92DAnjINT0,neutral,neutral,positive,neutral,neutral
$AMZN $CSX $JBHT $KNX $MDLZ $NSC $TSN $UNP $WMT https://t.co/sfsOKdbPcS,neutral,neutral,neutral,neutral,neutral
Shareholder Cna Financial Corp Lifted Comcast Corp New $CMCSA Position - https://t.co/IyzcUiBWTz,neutral,neutral,neutral,positive,positive
$CI  $BILI hot https://t.co/eZwreuLsLu,neutral,neutral,neutral,neutral,neutral
RT @dfstoken: WANT to TRADE $DFS? Find us at the following EXCHANGES:  1. https://t.co/FvRAlQFNai 2. https://t.co/Lma6PCPn81 3. https://t.c…,neutral,neutral,positive,neutral,neutral
Comparing Hartford Financial Services Group $HIG and Travelers Companies $TRV https://t.co/782D9nXHDb,neutral,neutral,neutral,neutral,neutral
2018-07-12 Short sale volume (not short interest) for $CAH is 35%. https://t.co/jhPEPW15Lh $OMI 56% $CVS 48% $RAD 69% $TFX 74%,neutral,neutral,positive,neutral,neutral
Eqt Corp $EQT: Institutional Investor Sentiment Down to 1.15 - https://t.co/asA3FjW8f8,neutral,neutral,neutral,neutral,negative
Investors awaiting pipeline plans from midstream... $KMI $EQT $EQM $WB $WPZ $D $EPD $TRP $TCP $PBA $ENB $EEP https://t.co/xPwlpPfEl8,neutral,neutral,neutral,neutral,neutral
MS reranking auto retailers on consolidation outlook $KMX $LAD $PAG overweight.  $ABG evenweight $AN $SAH downgrade to underweight,negative,neutral,negative,positive,negative
Analysts Expect Yamana Gold Inc. $AUY Will Announce Earnings of $0.03 Per Share https://t.co/yZIFdapmEi,positive,neutral,positive,neutral,positive
RT @hammockmonk: Last week I put on a $DE straddle inspired by @tastytradeRyan @tastytrade and his Iron Condor. I closed it today at fif…,neutral,neutral,positive,neutral,neutral
San Francisco Promotes Heroine Use Handing Out 4.5MM Needles/Yr. That Now Litter The Streets! $aapl $amzn $agn $brk… https://t.co/RYBj4zUODJ,neutral,negative,positive,neutral,neutral
Xylem $XYL Lowered to Sell at Zacks Investment Research https://t.co/PyoIKgG7Ee,neutral,neutral,negative,negative,negative
Pioneer Nat Res Co $PXD Stock Price Rose While Lombard Odier Asset Management Usa Corp Decreased Stake by $6.91 Mil… https://t.co/jaFgm3dZdX,negative,neutral,positive,positive,positive
RT @LuckyHappens: 💪 $BIOAQ 💪FORTUNE FAVORS THE BOLD📈 $STNG $F $DAL $UVXY $BBD $FCX $MSFT $IQ $PFE $USO $C $XLE $AKS $TEVA $MFGP $BMY $DWT…,neutral,neutral,positive,neutral,neutral
1️⃣2️⃣Biggest Market Gainers $MTSL $CODA $GENE $PED $ARC $MARA $GBTC $ARNC $DARE $GOL $ZTO $IQ $IDXG $DB $ATIS… https://t.co/HkM53k79Sb,neutral,neutral,neutral,positive,positive
RT @forever_t_2000: Theres goes $SODE breaking things again.  At least they're getting paid to fix it.  $ACM $AEGN $AGX $BFLBF $BLD $DY $EM…,neutral,neutral,neutral,neutral,neutral
RT @clair520: Yay! Got our unbelievable Sold Put 11th win in a row today! Congrats Class&amp; Coach @BrandonVanZee !👍Love to buy High Quality B…,neutral,positive,positive,positive,positive
$SRCL Stericycle Inc. Daily Stock Price Summary From our Stock News Alerts App,neutral,neutral,neutral,neutral,neutral
$1.13 EPS Expected for Stericycle Inc $SRCL This Quarter https://t.co/4hsplv3lYq,neutral,neutral,neutral,neutral,neutral
Deere &amp; Company $DE Downgraded to “Positive” at OTR Global  https://t.co/H8p1FxrQeU,negative,neutral,positive,positive,positive
I made 0.22 BTC in 1 day trading on Binance. Sign up now 🤑  Register for BONUS ➡️ https://t.co/sYjWfR1e8D  $EAC… https://t.co/LOvgqjCKkH,neutral,neutral,positive,neutral,neutral
Tourbillon Capital Partners LP Cut Sarepta Therapeutics INC $SRPT Holding as Market Value Rose - https://t.co/0QkdoIcdyY,negative,neutral,positive,negative,negative
Investors Purchase Large Volume of GGP Put Options $GGP https://t.co/c6Ab613vP7,neutral,neutral,neutral,neutral,positive
CarMax $KMX Lifted to “Buy” at Zacks Investment Research https://t.co/xTJS4cHtpe,neutral,neutral,neutral,positive,positive
7 figures today.  $SPY $NFLX $QCOM $MOMO $HUYA $CAT $DHI $NCLH $FB https://t.co/vFGn3pTPMY,neutral,neutral,neutral,neutral,neutral
$CSCO with the triple inside day! https://t.co/tvbbqFOHf8,neutral,neutral,neutral,neutral,neutral
Bitmex offers leveraged trading products on digital currencies 🤑  Register for BONUS ➡️ https://t.co/LkVIqtP543… https://t.co/Q7PBTN7Xo8,neutral,neutral,positive,neutral,neutral
#LithiumWatch $AAL.V $ALB $ENRG.V  $FMC $LAC.T $ML.V $NLC.V $NMX.T $ORL.T $SQM $WML.V $XMG.C  #Lithium #Chile… https://t.co/K1uwK6yfDw,neutral,neutral,neutral,neutral,neutral
RT @DepapasBolCero: $VALE de momento está lateral entre $165 y $192 formando un triángulo simétrico. https://t.co/WUk5GqNrum,positive,neutral,neutral,neutral,neutral
RT @MorganLBrennan: With #Helsinki2018 underway: worth noting that in the past year the U.S. has approved foreign military sales of Javelin…,positive,neutral,positive,neutral,positive
$CSX all time high. No surprises with transports.,neutral,positive,positive,neutral,positive
Just a stellar day! Turned my fang puts into money then hopped on some calls.. thanks to the option trades from… https://t.co/irYo5cncJl,neutral,positive,positive,neutral,positive
$CSX https://t.co/0iMW9zGFv2,neutral,neutral,neutral,neutral,neutral
Watching your show and futures at the same time while going over charts 🤓... thanks $aapl #ipadpro #multitasking,neutral,positive,positive,neutral,neutral
RT @BrandonVanZee: Great work Krishna! Those were the good old days. The market was basically giving away railroad stocks along with their…,negative,positive,positive,positive,positive
RT @shadeauv: $A$$Y 💋 https://t.co/Me64V8HuWq,neutral,neutral,neutral,neutral,neutral
$COO Weekly Summary Alert for The Cooper Companies Inc. From our Stock News Alerts App,neutral,neutral,positive,neutral,neutral
Investors need to be paying attention closely following $NOC CEO announcement. via @themotleyfool  https://t.co/KBh2Nl2y7O,neutral,neutral,neutral,neutral,neutral
Sentiment Report: Darden Restaurants Inc $DRI - https://t.co/i6AwQCAlFY,neutral,neutral,neutral,neutral,neutral
$0.54 EPS Expected for Mondelez International Inc. $MDLZ - https://t.co/vNS4cE5LJ9,neutral,neutral,neutral,neutral,positive
Wellington Management Group Llp Lowered Position in Pnc Finl Svcs Group INC $PNC by $642.78 Million - https://t.co/FxFLTG2YlB,neutral,neutral,negative,negative,negative
Exchange on Binance with 50% discount trading fee 💸  Register for BONUS ➡️ https://t.co/U8FIwN3Bk8  $AAC $MNX… https://t.co/MaVArkSq3F,neutral,neutral,positive,neutral,neutral
#RealEstate #2018shift #FED $HCP $OHI $VTR $WPC #REIT $REIT $DJR $SPX $RUT $GLD $SLV $VIX $SPY $OIL $USDX $DXY… https://t.co/oy7HTibEf0,neutral,neutral,neutral,neutral,neutral
The live-ranking of #TRONSR https://t.co/prBih0D99W. Come vote for #MDT! $MDT https://t.co/yY0KePdl53 https://t.co/JrEKmLN71F,neutral,neutral,neutral,neutral,neutral
Investors Sell Shares of Visa $V on Strength $V https://t.co/kxW4qJNYMj,neutral,neutral,positive,neutral,neutral
RT @MarketCurrents: Arthur J. Gallagher acquires The Jack Nebel Companies https://t.co/AwIQithwBR $AJG,neutral,neutral,neutral,neutral,positive
Prudential Financial Inc $PRU Institutional Investor Sentiment Trend - https://t.co/nMlfCwmVdx,neutral,neutral,neutral,neutral,neutral
RT @tradethefifth: Watch the Latest #Stocks #Signals Video for 3 #HotStocks $HD $TTWO $YNDX using our #Elliottwave Indicator Suite &gt;&gt;&gt;HERE&gt;…,neutral,neutral,neutral,neutral,neutral
11Day Made 1687% Profit  Join : https://t.co/azARNloQdz $SAFEX $MAID $BLK $GCR $LUN $FLO $DMD $LMC $RLC $CLOAK $MEME $DOPE $APX $BURST,neutral,positive,positive,neutral,neutral
Mastercard has a new patent that could allow bitcoin transactions on credit cards. $MA  https://t.co/ZqLn66vE6k,neutral,neutral,positive,positive,positive
Helmerich &amp; Payne Inc. $HP Given Consensus Recommendation of “Hold” by Brokerages https://t.co/R4ags7QEZq,neutral,neutral,neutral,positive,neutral
Coin listings pumps 20-100%. Our bot detects it before official announcements! 🤔  Join Us: ➡️… https://t.co/LGjduP8oxS,neutral,neutral,positive,neutral,neutral
Update: These were just some out of many small to mid caps project.. Some of the large cap potential winners are… https://t.co/uT2E7E0KNF,positive,positive,positive,neutral,positive
"Today Wedbush Reaffirms a ""Neutral"" Rating on Tractor Supply $TSCO and a $77 Target Price - https://t.co/cBxuyb1fcp",neutral,neutral,neutral,positive,neutral
RT @TheStreet: Over the past 3 months $GOOGL has risen almost 18% #RealMoneySOD  https://t.co/IUWpXM3Ui7,neutral,neutral,neutral,positive,positive
Just waiting out next week for my $ARRY 19 and $CLVS 50 #coveredcalls to expire worthless.  I will probably sell mo… https://t.co/GMKRFEXpy1,negative,negative,negative,neutral,negative
Pratt &amp; Whitney catching up on engine delays https://t.co/fTi7pYLBV0 #premarket $EADSY $UTX $EADSF,neutral,neutral,neutral,negative,negative
RT @TraderInPlay: List of Active China #Tariffs &amp; #Stocks Impacted $BA $GE $CAT $DE $UTX $MMM $NXPI $QCOM $AAPL $F $GM $MU $AA $DWDP $KSS $…,neutral,neutral,positive,neutral,neutral
Join  Robinhood App and we'll both get a stock of Apple or Facebook or Ford or $AAPL $F or $S for FREE! Make su… https://t.co/eAvlKYQUfd,neutral,neutral,positive,neutral,neutral
RT @financialbuzz: Watch Us Report LIVE from the Floor of the NYSE! This weeks weekly wrap-up includes $NVDA $JD $VRX $ROKU $BKNG $SYMC $TT…,neutral,neutral,neutral,neutral,neutral
2018-07-13 Short sale volume (not short interest) for $XLY is 76%. https://t.co/3NmscvtCY4 $CVS 51% $F 46% $EWG 60% $UNP 35%,neutral,neutral,positive,neutral,neutral
As Motorola Solutions INC $Put $MSI Stock Price Rose Arbiter Partners Capital Management LLC Raised by $33.50 Mill… https://t.co/4d248rgpw7,neutral,neutral,positive,positive,positive
"Key Research Analysts at Citigroup Reconfirmed their ‘""Neutral""’ rating for WEC Energy Group $WEC Shares Today. The… https://t.co/dQynsmagJX",neutral,neutral,positive,positive,neutral
Litecoin $LTC is valued at: $88.45 We verified that Binance is accepting new users! 🙌 🤔  ➡️… https://t.co/AeXplz6wE5,positive,positive,positive,neutral,positive
SYMC Option Alert: Aug 17 $22 Calls Sweep (28) at the Ask: 1105 @ $0.985 vs 6237 OI; Earnings 8/1 After Close [est] Ref=$21.565 $SYMC,neutral,neutral,positive,neutral,neutral
Sir Capital Management LP Boosted Position in Devon Energy Corp New $DVN as Market Value Rose - https://t.co/n83NI7ti8h,positive,positive,positive,positive,positive
Estee Lauder Companies Inc $EL Stock Price  While Sentiment  Worsens - https://t.co/clgeuOhhl8,negative,negative,negative,negative,negative
Had $BABA 197.5 calls @ .50 but it was not good as today was a sloppy day for TECH overall $NVDA $AMZN $NFLX $GOOGL,neutral,positive,positive,neutral,neutral
Get access to 15+ premium paid groups for a fraction of the price! 🤔  Join Us ➡️ https://t.co/o2Tun18cdZ  $PLBT… https://t.co/NHIgbz7NfB,neutral,neutral,positive,neutral,neutral
A bullish Big MAC (Bullish) has occurred at 10:15 AM Jul 17 at  $6.25 on Glu Mobile Inc (GLUU) $GLUU Want to Earn(R… https://t.co/UqNokGf6rs,neutral,positive,positive,positive,positive
As Incyte Corporation $INCY Valuation Declined Shareholder Tekla Capital Management LLC Lowered Its Holding by $3.… https://t.co/B56e92JBxi,neutral,negative,negative,negative,negative
Q2 2018 EPS Estimates for American Tower Corp $AMT Reduced by KeyCorp https://t.co/G4bmRxufdp,neutral,neutral,neutral,negative,negative
Murphy Oil $MUR Receives New Coverage from Analysts at Morgan Stanley https://t.co/2NNsCb4T5Z,neutral,neutral,neutral,neutral,neutral
Archer-Daniels-Midland Company $ADM Analysts See $0.76 EPS - https://t.co/be9OFL7Eyu,neutral,neutral,neutral,neutral,neutral
RT @Citadel_Team: #Citadel has been officially added to #Blockfolio and #DeltaApp making it simple and easy for users to keep track of rea…,neutral,positive,positive,neutral,neutral
UTX(+1.3%)moving well again this morn extends 7/13 breakout; https://t.co/PjdNfWCCXK to a 4% gain pre earnings m… https://t.co/d39UUDyq0q,positive,positive,positive,positive,positive
Just made $14K on my option trade. Done with my day! $CTSH $VOD $ADBE $HLT $MS $AVGO $TXN $ENTA $TSEP $BIDU $UPS… https://t.co/YRGcXq7lXa,neutral,neutral,neutral,neutral,neutral
Netflix just lost the equivalent of a CBS in terms of market cap in 5 minutes. If you think 340 to 350 is the botto… https://t.co/SmhoFkbazH,neutral,negative,negative,negative,negative
Zacks: Analysts Anticipate Avery Dennison Corp $AVY Will Post Earnings of $1.56 Per Share https://t.co/fIU5hurrxq,positive,neutral,positive,neutral,positive
$BMY holding up pretty good at this levels - would be a seller if we break through these levels,positive,positive,positive,neutral,positive
Kimco Realty Corporation $KIM EPS Estimated At $0.36 - https://t.co/l2EsEizxAD,neutral,neutral,neutral,neutral,neutral
Ross Stores $ROST Holder Wedgewood Partners Lifted Holding by $3.79 Million; Fulton Bank Has Lowered Holding in Exx… https://t.co/zin9HxZ7ly,neutral,neutral,negative,neutral,neutral
Is Assurant $AIZ a Sell? What does Morgan Stanley Think? https://t.co/JBRgLJsuHc,neutral,neutral,neutral,neutral,neutral
Insider alert: Chairman of the Board THOMPSON JAMES K of $JBHT bought 4600 shares @ $560418.00,neutral,neutral,positive,neutral,neutral
@marketminute Yes $ALB I hit the wrong key. 98.10 would be the start of a potential breakout? Thank you,neutral,neutral,positive,neutral,neutral
Equities Analysts Set Expectations for Nasdaq Inc’s Q2 2018 Earnings $NDAQ https://t.co/DAs1do1LP5,neutral,neutral,neutral,neutral,neutral
L3 Technologies $LLL vs. QUALCOMM $QCOM Head to Head Contrast https://t.co/JyZDcueRXV,neutral,neutral,neutral,neutral,neutral
Invest your crypto on Binance and get 50% discount trading fee 🤑  Register for BONUS ➡️ https://t.co/sAIS0nxjBb… https://t.co/Ly28g8UjX6,neutral,positive,positive,neutral,neutral
https://t.co/pe1CC1FhUg $GPS Gap up 1.6% = $193.8 million gain. $GPS has made notable gains in 14 of the last 40 tr… https://t.co/qhVNaO8bcl,positive,positive,positive,positive,positive
RT @BretKenwell: $ADBE wants moar https://t.co/1MQpjVtqJq,neutral,neutral,neutral,neutral,neutral
VOLUME RADAR ALERT: $CI CIGNA 📈 TradeIdeas via https://t.co/VS8RO1bzXJ to Free Trading Room,neutral,neutral,positive,neutral,neutral
RT @myQuikfo: 07-18: the top scored Financials company is BANCORPSOUTH INC $BXS scored at 84.58 Key words: BUY SELL BREAK UPGRADED OVER…,neutral,neutral,positive,positive,positive
Recent $CNP technical alerts: Slingshot Bullish plus 4 more alerts... https://t.co/cpwbByE4nD,neutral,neutral,neutral,neutral,neutral
RT @ProxyInsight: ISS and Glass Lewis back Disney's bid to acquire 21st Century Fox #CorpGov #ProxyVoting $DIS $FOXA https://t.co/QEoQwIJaQ1,neutral,neutral,neutral,neutral,neutral
Zacks: Brokerages Anticipate Franklin Resources Inc. $BEN Will Post Earnings of $0.76 Per Share https://t.co/y88pPlzWAQ,positive,neutral,positive,neutral,positive
RT @IBMNews: $IBM reports solid quarterly result as margins climb higher https://t.co/0Ly6SyJWl8 via @financialtimes,positive,positive,positive,positive,positive
Seaport Global Securities Lowers Cimarex Energy Q3 2018 Earnings Estimates to $1.25 EPS (Previously $1.31).… https://t.co/kGJMkbxYFu,neutral,neutral,positive,neutral,neutral
RT @FOCVS_Trading: Jul17 #trading CostBas In/Out all trades have multi entry/exit 5th Trade 11:04-11:12am $VXX 31P 7/20 In0.85/Out0.94 6th…,neutral,neutral,neutral,neutral,neutral
$0.13 EPS Expected for Chesapeake Energy Corporation $CHK - https://t.co/ALxjUCZPI0,neutral,neutral,positive,neutral,positive
Could be dreaming Aus Tech sector turning? Behavioural Health &amp; A.I data platform (GDPR) $OPN +66% in last week… https://t.co/mSfw2PPVQr,neutral,neutral,neutral,neutral,neutral
EPS after the bell today $AA $CCK $CCI $URI $AXP $KMI $IBM $EBAY,neutral,neutral,neutral,neutral,neutral
HP Unveils World’s Most Powerful Entry Workstations $HPQ https://t.co/YHP9vZ2NtO,neutral,positive,positive,neutral,neutral
$AMGN Joshua Ofman says .@SGottliebFDA's reference to the rebate gaming was the $JNJ Remicade vs. $PFE Inflectra… https://t.co/GH1S3KdS9S,neutral,neutral,neutral,neutral,neutral
RT @eWhispers: #earnings before the open tomorrow  $DPZ $NUE $BX $PM $TSM $UNP $DHR $ABB $BBT $KEY $SAP $FITB $PPG $BK $SNA $ADS $TRV $SYNT…,neutral,neutral,neutral,neutral,neutral
Varian Medical Systems Inc $VAR Shorts Decreased by 18.2% After Short Covering - https://t.co/frCdaXW0LO,neutral,neutral,neutral,neutral,neutral
Ecolab Inc $ECL Institutional Investors Quarterly Sentiment - https://t.co/0Yic5ln6nS,neutral,neutral,neutral,neutral,neutral
L3 Technologies Inc. $LLL EPS Estimated At $2.35 - https://t.co/BwgpBr9A1Z,neutral,neutral,neutral,neutral,neutral
$DXC New Insider Filing On:  Manna Neil A Transaction Code: M https://t.co/JaRPqqOfl9 https://t.co/tq9jbDmNk7,neutral,neutral,neutral,neutral,neutral
RT @maginarydragons: Other long setups of note $XBI $BURL $EHC $SPG  Needless to say there is no shortage of setups for next week. #bullish…,neutral,neutral,negative,positive,positive
Apache Corp $APA Quarterly Sentiment Report - https://t.co/HtycbhqHUy,neutral,neutral,neutral,neutral,neutral
Boston Family Office LLC Trimmed Stake in Ansys INC  $ANSS as Stock Price Rose - https://t.co/jwJvHmI5mq,neutral,neutral,neutral,positive,positive
$nvax should be a winner in the fall... Novavax's NanoFlu vaccine improved immune responses in older adults in Phas… https://t.co/bUbJuveoj3,positive,positive,positive,positive,positive
Up $3K today. Not bad because it was crazy day. thanks to the trades from https://t.co/sv3T6BF5Pc  #winning $TGT… https://t.co/vPbTXKg7FO,positive,negative,positive,neutral,positive
本日の抽選受付はあと１時間で終了です。まだの方は忘れずにリツイートしてくださいね！ #仮想通貨 #VIPS #VIPSTARCOIN $VIPS,neutral,neutral,neutral,neutral,neutral
$ADBE Todays trading with Adobe Systems Inc for $259.9432 on date 2018-07-18. #Finance,neutral,neutral,neutral,neutral,neutral
$EFX open interest for maturity 07/20/2018. High put=110.00 High call=130.00 #maxpain #options… https://t.co/3l5obWhBTB,neutral,neutral,positive,neutral,neutral
实战早盘直播 7/17（点位时机为王） https://t.co/MBNIsu0bGK $SPY $NFLX $DHI $XLK https://t.co/S1B1QHI0I4,neutral,neutral,neutral,neutral,neutral
Get access to 15+ premium paid groups for a fraction of the price! 🙌  Join Us: ➡️ https://t.co/9V3WyLKyNu  $BNT… https://t.co/zUMQ9M7S00,neutral,neutral,positive,neutral,neutral
Evening Read!  Check out our TOP FIVE Foundation #Dividend #Stocks for your Portfolio - $T $MCD $PG $JNJ $ED… https://t.co/MNMgikUZwK,neutral,neutral,positive,neutral,neutral
RT @Benzinga: Potential Winners And Losers In The Optical Space From The Tariff Dispute https://t.co/gZHuJf9Qra $AAOI $FNSR $NPTN $OCLR $FN…,neutral,neutral,negative,negative,negative
Do you know that #WallStreet price for $OMC is $81.81 https://t.co/32pSs7Cc7A,neutral,neutral,neutral,neutral,neutral
Cigna Corporation (CI) have in prospect to touch 11.99% EPS growth for next year https://t.co/FXIdkBvWgu $CI #stocks #stockmarket,neutral,neutral,positive,neutral,positive
RT @followtheh: $MA Mastercard Wins Patent for Speeding Up Crypto Payments https://t.co/GlzeprBWmA  could be why crypto popped,neutral,positive,positive,positive,positive
RT @KAFinvesting: When you are swinging $JNJ and they announce FDA approval https://t.co/6xGKsg40Oa,neutral,neutral,positive,positive,positive
Get access to 15+ premium paid groups for a fraction of the price! 💎  Join Us ➡️ https://t.co/fXiyVjoTBs  $BHC… https://t.co/xdxR2kUMYF,neutral,neutral,positive,neutral,neutral
Discussion stirs around Intercontinental Exchange Inc. $ICE this week; here is what analysts are saying. https://t.co/dHbMIMVOI6,neutral,neutral,neutral,neutral,neutral
Cintas $CTAS Underweight Rating Maintained Today By Morgan Stanley; The Target Price Given is $158 - https://t.co/YqlJ0VyT0g,neutral,neutral,neutral,positive,neutral
SLM Corp $SLM Sees Significant Decline in Short Interest https://t.co/sW2esqFnyN,negative,neutral,positive,negative,negative
Q3 2018 EPS Estimates for Pioneer Natural Resources Reduced by Jefferies Financial Group $PXD https://t.co/oa5dQh33gC,neutral,neutral,positive,negative,negative
$CAH CardinalHealth - 4 (Statement of Changes in Beneficial Ownership) SEC Filing From our Stock News Alerts App,neutral,neutral,positive,neutral,neutral
Simon Property Group Inc $SPG's Stock Is Buy After Less Market Selling - https://t.co/E2mQsRsUpp,neutral,neutral,neutral,neutral,neutral
Array Biopharma $ARRY Downgraded by Zacks Investment Research to “Sell” https://t.co/oLZAGXAjl4,negative,negative,neutral,negative,negative
RT @eastcoastasia: Interesting to compare purchase frequency across China ecommerce $BABA $JD also size of PDD vs $VIPS https://t.co/wBZiy…,neutral,neutral,positive,neutral,positive
Sold $baba $intc $odp $ewz $fslr $kre with gain,neutral,neutral,positive,neutral,positive
RT @AndyBiotech: $NVS Kymriah Q2 sales $16M misses consensus of $20M. -&gt; $GILD  Entresto Q2 sales $239M beats consensus of $220M finally…,negative,neutral,positive,positive,negative
Traders Sell Metlife $MET on Strength After Analyst Downgrade https://t.co/qsdmJURTT0,negative,negative,positive,neutral,negative
@ntfri More Libya Oil Problems Libya Declares Force Majeure On Another Oil  Port  &amp; Yemen's Iran Backed  Yemen Hout… https://t.co/lH2YTGfdus,neutral,negative,negative,negative,negative
Coin listings pump 20-100%+. Our bot detects before official announcement 🤔  Join Us ➡️ https://t.co/TcQihqwiIR… https://t.co/uQewD6okxW,neutral,neutral,positive,neutral,neutral
Cigna Corporation $CI Stake Held by Edgestream Partners Lp - https://t.co/IUCuMX8rqB,neutral,neutral,neutral,neutral,neutral
Marathon Petroleum Corporation $MPC EPS Estimated At $1.76 - https://t.co/c5aABtna6S,neutral,neutral,neutral,neutral,positive
Aetna INC $AET Position Upped by Kepos Capital Lp - https://t.co/brWdBxdYR7,neutral,neutral,neutral,positive,positive
My current watchlist: $NXE (PPO on Daily crossing over) $REG (Drill results pending) $BTE (Consolidation completin… https://t.co/7aAik9HlDa,neutral,neutral,neutral,neutral,neutral
RT @BitScreener: New Coins added to https://t.co/KozqoWvPD9 $KBC $FTI $PCH $QURO $SEER $CONI $ESS $ONL $OTB $PAI $GOT $THRT #bitscreener h…,neutral,neutral,neutral,neutral,neutral
Howe &amp; Rusling INC Has Lifted Prudential Finl INC $PRU Stake by $3.84 Million; Share Price Declined https://t.co/gTDDoLtzSn,neutral,neutral,positive,positive,positive
The best stock picker you've probably never heard of says Citigroup will nearly double https://t.co/LMEE4pOGCu $F $GS $C,neutral,positive,positive,positive,positive
#NASDAQ Advancers Today! $MESO $VYGR $AQXP $AUTL $ASCMA $GSHD $SGMO $ALNA $NICK $LWAY $AXON $EMRK $SECO $CIFS $ACET… https://t.co/Ba7CfgBTnc,neutral,neutral,neutral,neutral,neutral
As Alexion Pharmaceuticals INC $ALXN Shares Declined Pura Vida Investments LLC Boosted Position - https://t.co/a7VZnoKdFE,positive,neutral,positive,positive,positive
Check out our presentation about $DLR  https://t.co/BQvlkjpEhM,neutral,neutral,neutral,neutral,neutral
$googl 🚀 💰 https://t.co/XWofGse5RI,neutral,neutral,neutral,neutral,neutral
How Many Zoetis Inc. $ZTS's Analysts Are Bearish? https://t.co/WyBvFMY4Dn,negative,neutral,neutral,negative,negative
Analyzing Gentex $GNTX &amp; Aptiv $APTV https://t.co/qt1cDK22lx,neutral,neutral,neutral,neutral,neutral
Ecolab INC Com $ECL Shareholder Williams Jones &amp; Associates LLC Boosted Its Stake by $11.66 Million as Stock Value… https://t.co/D0cKj6xYoo,neutral,neutral,positive,positive,positive
Let’s stay with turnarounds: $REGN was left for dead after falling 48% in nearly 12mos of trading. It broke out in… https://t.co/VGfm6tGD7F,negative,neutral,negative,neutral,negative
Henry Schein $HSIC Rating Lowered to Hold at BidaskClub https://t.co/UC0ZDFonW2,negative,neutral,negative,negative,negative
@AutismBarron @BoeingAirplanes @Boeing Always! $BA,neutral,neutral,neutral,neutral,neutral
$isr offering canceled? Rumors of buyout or partnership swirling after #fda approval today. $FCRE $GNPX $CYAD $KN… https://t.co/dTXepZNFgq,neutral,neutral,positive,neutral,neutral
RT @OneOClockDrop: Please just look at the tweet and reply’s $msft $amzn $fb $goog $jnj $jpm $googol $abc $wfc $wmt $cvx $hd $pg $unh $pfe…,neutral,neutral,positive,neutral,neutral
Stephens releases research reports on $CMA $CSX $FNF $FHN $FULT $GWR $GMS $HWC $LTXB $MRTN $NCS $NEOG $PACW $PNFP… https://t.co/yu9qfrBJob,neutral,neutral,neutral,neutral,neutral
We're entering into the meat of earnings season. With escalating trade tensions seeming to rise weekly and politica… https://t.co/TjbCFabxqr,negative,neutral,negative,neutral,negative
$PNTV.041 - USA's LARGEST Public Marijuana Grower-CEO VIDEO-Very nice $AMZN $TSLA $WMT $TGT $NVDA $SPY $GLD $EBAY… https://t.co/yKgmm2ifE2,neutral,positive,positive,neutral,neutral
RT @BrandonVanZee: 07/17/18 - View today's #MarketOutlook from @Market_Scholars here: https://t.co/awHHhQe3Kj  Discussed: $SPY $SPX $QQQ $D…,neutral,neutral,neutral,neutral,neutral
We calculated 63-day Expected Return of $CHRW for you: -6.3% https://t.co/bQv1ZL3wKn,neutral,neutral,neutral,neutral,neutral
RT @megtirrell: $VRX - I mean $BHC - CEO Joe Papa on ⁦@CNBCClosingBell⁩ now https://t.co/UToe55R7YG,neutral,neutral,neutral,neutral,neutral
Patterson-UTI Energy $PTEN Stock Price Down 5.3% https://t.co/sex9GmooL3,neutral,neutral,positive,neutral,negative
Bitmex allows you to go long/short on your trades! 💰  Register for BONUS ➡️ https://t.co/LzDcDv8zGK  $COB $MNE… https://t.co/hkIIBML73i,neutral,neutral,positive,neutral,neutral
$1.21 Earnings Per Share Expected for Allegion PLC $ALLE This Quarter https://t.co/c9YNSB2LLD,neutral,neutral,positive,neutral,neutral
Our bot on Discord notifies faster than Crypto Tracker Bot! 😍  Join Us ➡️ https://t.co/c6OTMeB68o  $XVG $FDC $NMR… https://t.co/Tvj42ONg0F,neutral,neutral,negative,neutral,neutral
As Royal Caribbean Cruises $RCL Share Value Declined Shareholder Dsm Capital Partners LLC Has Cut Its Position by $12.89 Million ...,negative,negative,positive,negative,negative
Metlife Inc $MET Sees Large Decline in Short Interest https://t.co/pSYDoHj6LI,negative,negative,positive,negative,negative
RT @MarketCurrents: AbbVie out-licenses Humira patents to Mylan biosimilar sales five years away i... https://t.co/ZllLBhlwwW #premarket $…,neutral,neutral,neutral,neutral,neutral
As Smucker J M $SJM Market Valuation Declined Peregrine Asset Advisers INC Has Boosted Stake by $8.10 Million - https://t.co/oP0GxyRYTL,neutral,negative,positive,neutral,negative
Waters $WAT Downgraded by Janney Montgomery Scott https://t.co/a7UDiKhFGI,negative,neutral,neutral,negative,negative
#Trmx uno de mis mejores trades duró 25 segundos y fue al estar leyendo algo impreso. Cuando de reojo a los monitor… https://t.co/iUah17Rzi0,positive,neutral,neutral,neutral,neutral
Join us to get premium trading signals! 🙌  Join Us ➡️ https://t.co/c6OTMeB68o  $IOST $MGO $DAT $AIR $APX $ZCL… https://t.co/3I7u8rgkW8,neutral,neutral,positive,neutral,neutral
McKesson $MCK Raised to Buy at Standpoint Research https://t.co/oCCakFlBlG,neutral,neutral,neutral,positive,neutral
Prudential Financial Inc. $PRU Forms Bearish Wedge Down Pattern; Strong Momentum for Sellers - https://t.co/EPMDkxSgFY,positive,neutral,positive,positive,positive
"Reaffirmed: Mosaic $MOS ""Neutral"" Rating Kept by Analysts at Citigroup; $31 Target in Place - https://t.co/oEXg92Xj1g",positive,neutral,neutral,positive,positive
@StockPlaza $NFLX is down 55$ in post market. I would be moving to $IQ $BZUN asap,neutral,neutral,neutral,neutral,negative
Federal Realty Investment Trust $FRT Expected to Post Earnings of $1.53 Per Share https://t.co/Rz7T0fhc62,positive,neutral,positive,neutral,positive
We think $NEP $NSC will beat and raise the earnings cycle https://t.co/YDhFn9FPmI,neutral,neutral,neutral,positive,positive
Today Barclays Capital Reconfirms a Overweight Rating on Prudential PLC $PRU and a GBX 2076.00 Target Price - https://t.co/H3m2OJ4rMU,neutral,neutral,negative,positive,positive
RT @247WallSt: Thursday's Top Analyst Upgrades and Downgrades PART 2 $JNJ $MMM $MRO $NDAQ $NTAP $NFLX $NFX $NBL $OMER $SNDX $TWTR https://t…,negative,neutral,positive,positive,neutral
RT @cechv2: #Expotential Growth in #Crypto: #Coinbase 20M+ Users #Binance 5M+ Users  #Electroneum #ETN $ETN 2M+ Users (for just 8 month) g…,neutral,neutral,positive,neutral,positive
$APH: Aphria Inc's forecast earnings moved 0.0% over the last week but the price is -12.7%. It's PE ratio is now 5… https://t.co/jjWXZ5HGHb,negative,neutral,neutral,neutral,negative
PPG Industries Inc. $PPG Analysts See $1.89 EPS - https://t.co/vkZEkDINFg,neutral,neutral,neutral,neutral,neutral
First newsletter from my friend @rickkommel new global equity fund. Top analyst and portfolio manager we worked to… https://t.co/brK0LQBM74,neutral,neutral,positive,neutral,neutral
RT @offshorehunters: $AAL daily chart airlines perking this am nice falling wedge here on watch https://t.co/Ox1KLKBOW1,negative,neutral,positive,neutral,negative
Rockwell Collins Inc. $COL's Double Top Chart Pattern Points to Lower Stock Risks - https://t.co/dHqx39EuSX,negative,neutral,negative,neutral,negative
 $MHK 216.minor-BREAKOUT + 221.major-BREAKOUT = -221.going.vertical-up.at-the-open 1:43 PM - 9 Jul 2018 by realt… https://t.co/EXhdMBGdMa,neutral,neutral,neutral,neutral,neutral
Beneteau SA: Heavy volume for Bénéteau stock. $BEN https://t.co/0BwZcbcSal https://t.co/ob4rbTZQZI,neutral,neutral,neutral,neutral,neutral
Today Morgan Stanley Reaffirms a Equal-Weight Rating on Entergy $ETR and a $83 Target Price - https://t.co/B0zDny8io6,neutral,neutral,neutral,positive,positive
$TVIX so any bulls out there thinking $40 today?,neutral,neutral,neutral,neutral,neutral
First legacy media co's license their content libraries with $NFLX... now $NFLX has so much original content it's r… https://t.co/sAuGojI216,neutral,neutral,positive,neutral,neutral
$GG Goldcorp Inc. Option Order Flow Sentiment is 81.9% Bullish. https://t.co/Upm8aVoFPl,neutral,positive,positive,positive,positive
DATO: Hoy la acción de AMERICAN AIRLINES GROUP $AAL gana 3.69%. Una aerolínea muy utilizada por socialistas para ir… https://t.co/y1Kc6d2KHQ,positive,neutral,neutral,neutral,positive
2018-07-17 Short sale volume (not short interest) for $WLL is 56%. https://t.co/TzPFCl4ujU $EOG 42% $MRO 47% $NFX 34%,neutral,neutral,positive,neutral,neutral
RT @LuzMariaChavez1: No creo... Todo$ ésto$ $on incondicionale$ de #YaSabesQuien ¡Niéguenmelo! #MeDuelesMéxico 😰 por éste tipo de 💩💩💩💩💩 👇…,positive,neutral,neutral,neutral,neutral
Coin listings pumps 20-100%. Our bot detects it before official announcements! 😍  Join Us: ➡️… https://t.co/RlnGoVyQav,neutral,neutral,positive,neutral,neutral
Gráfico diário #ITUB4 $ITUB https://t.co/VeZHxlH3v2,neutral,neutral,neutral,neutral,neutral
Our bot on Discord notifies faster than Crypto Tracker Bot! 💰  Join Us ➡️ https://t.co/mgv9NMztD8  $EKO $AUR $HAV… https://t.co/UeMGCBra3x,neutral,neutral,negative,neutral,neutral
This brutal $BCC $WY selling ... too harsh.   They will both blow away earnings because of lumber price ramp this… https://t.co/8lw8xEOaGB,negative,negative,negative,neutral,negative
An $O(\log^{1.5}n \log\log n)$ Approximation Algorithm for Mean Isoperimetry and Robust $k$-means https://t.co/9ru9VGkIwH,neutral,neutral,positive,neutral,neutral
RT @theflynews: REPORT: Activist #investors launch campaigns at record pace in drive for returns $XRX $NWL $GE $VRX $PF https://t.co/NvxWjX…,positive,neutral,neutral,positive,positive
$APD Air Products End-Of-Day Quote Alert From our Stock News Alerts App,neutral,neutral,positive,neutral,neutral
L3 Technologies $LLL Cut to “Hold” at Zacks Investment Research  https://t.co/wQSyLGivS9,neutral,neutral,negative,negative,negative
Binance has over 3 million users! Join us today! 💰  Register for BONUS ➡️ https://t.co/W8wJYAQLVG  $REAL $RMC… https://t.co/MXdeWk3vwK,neutral,positive,positive,neutral,neutral
Accenture Plc Ireland $ACN Share Price Declined While Crawford Investment Counsel INC Has Lowered Holding - https://t.co/NMnXrbKDxX,neutral,negative,positive,negative,negative
RT @coastw: IBM quarterly results top estimates https://t.co/JpQZEfIbsg @IBM $IBM #IBM,neutral,neutral,positive,neutral,neutral
$MOMO Daily  Sexy time! https://t.co/cvFj4cNRBm,neutral,positive,positive,neutral,neutral
RT @ajaydevfan: Suno my friends Jise #Zindagi Na #Pasand ho toh #shamshan chale jaye __ ☝️☝️ Aur jise Mere #ajaydevgn nahi  pasand Hain T…,neutral,neutral,positive,neutral,neutral
RT @BrandonVanZee: 🕘 #9at9 - Your 9am ET daily digest of what large &amp; mid-cap 🇺🇸 stocks are ⬆️ &amp; ⬇️ the most in the premarket.  📈 $HELE $KO…,neutral,neutral,neutral,neutral,neutral
Traders Buy Shares of Alibaba Group $BABA on Weakness https://t.co/sYXTszkk6U,neutral,neutral,negative,positive,negative
RT @eWhispers: upcoming #earnings releases with the highest #volatility $NDLS $TTS $SKX $SYNT $LLNW $ERIC $FFBC $GWW $NFLX $NVRO $CLF $AD…,neutral,neutral,neutral,neutral,neutral
Eastman Chemical $EMN Expected to Post Quarterly Sales of $2.61 Billion https://t.co/JYqMO7WCPe,positive,neutral,neutral,neutral,positive
Robert Half International Inc. $RHI EPS Estimated At $0.85 https://t.co/loKVuqqVlh,neutral,neutral,neutral,neutral,neutral
$MMM above recent highs out of small flag starting to clear downtrend with some bullish flows last two weeks as well,negative,positive,positive,neutral,positive
Binance fees are 3-5x less than Bittrex ! 🙌  Register for BONUS ➡️ https://t.co/cF0JvPVB6x  $FLDC $EMER $LBA… https://t.co/Bak7VqeMq9,neutral,neutral,positive,neutral,neutral
Update on $APRN swing. Currently up 18% and riding strength. Working on riding winners so gonna let this position r… https://t.co/s6zOIOWGll,neutral,neutral,positive,positive,positive
Absolutely love this app!  Join @RobinhoodApp and we'll both get a stock like $AAPL $F or $S for free. Make sure… https://t.co/4mpJIErvcs,neutral,positive,positive,neutral,neutral
Nuance Communications Inc. $NUAN Receives $20.25 Average Target Price from Analysts https://t.co/sKYYaDhEKz,neutral,neutral,neutral,neutral,neutral
Valero Energy $VLO Share Price Rose While Ajo LP Cut Its Stake - https://t.co/dqUxwb6ZXD,negative,neutral,positive,neutral,negative
Xilinx INC $XLNX Share Value Declined While Perigon Wealth Management LLC Trimmed by $7.20 Million Its Holding - https://t.co/Nkm9LWXTBj,neutral,negative,positive,negative,negative
$DOV reports before the open tomorrow Estimize Consensus +0.02 EPS and +19.43M Revs compared to WS - https://t.co/tG5uGncy9I,neutral,neutral,neutral,neutral,neutral
$VZ open interest for maturity 07/20/2018. High put=38.00 High call=52.50 #maxpain #options https://t.co/EM2KBChmeU https://t.co/GV8uKHvA5a,neutral,neutral,positive,neutral,neutral
Should Noble Energy $NBL Shares Be Watched After Morgan Stanley Initiates Coverage? - https://t.co/deImzbGUql,neutral,neutral,positive,neutral,neutral
RT @lunatictrader1: Partial profits signal for S&amp;P 500. Can also take partial profits in $FB $GILD $OPK and $PYPL. More stocks: https://t.c…,neutral,neutral,positive,neutral,neutral
Head to Head Analysis: Range Resources $RRC versus Rex Energy $REXX https://t.co/IIO3aKykmY,neutral,neutral,positive,neutral,neutral
LONG: $FB $CPSG $MCD $LMT $MCK $AXIO $DB $LNVGY,neutral,neutral,neutral,neutral,neutral
Q2 2018 EPS Estimates for Carrizo Oil &amp; Gas Inc Increased by KeyCorp $CRZO https://t.co/OaQEnWFGfl,neutral,neutral,positive,positive,positive
General Mills. Leuk aandeel werd ik laatst op gewezen door @martienvwinden : https://t.co/KDi3PgJ2FL $GIS gaat op de #watchlist,neutral,neutral,neutral,neutral,neutral
AutoNation $AN Cut to Underweight at Morgan Stanley https://t.co/dSdxE01x84,positive,neutral,negative,negative,negative
$DASH Dash price: $264.30 HURRY! Binance is currently accepting new users 💎 💸  ➡️ https://t.co/8bxd1YvcGR  $SC… https://t.co/5yKSDVYhk5,neutral,neutral,positive,neutral,neutral
$AWR $BKH $CNP $DTE $EIX $EXC $MDU $NI $NJR $PPL $SCG $SR $SRE $SWX $UGI $XLU https://t.co/gseVPlDcgg,neutral,neutral,neutral,neutral,neutral
Visa $V Sets New 52-Week High After Dividend Announcement  https://t.co/2z0DcM5Vfq,positive,positive,neutral,neutral,positive
A Lot To Like About Kansas City Southern - Tusk Media&amp;#39;s Andrew Hall And Ben ... https://t.co/BnAZk84lmK $KSU #stocks #stockmarket,neutral,neutral,positive,neutral,neutral
RT @GoTimeTrader: FREE BLACKBOX TRIAL!! READ NOW $CEI $PIXY $SNES $ADXS $ACHN $AIPT $ATNM $HMNY $ADMA $CAPR $VSTM $ACRX $CPRX $TGA $FRAN $A…,neutral,neutral,positive,neutral,neutral
Should Lumentum $LITE Shares Be Watched After Cascend Securities Initiates Coverage? https://t.co/g6rbC5jc47,neutral,neutral,positive,neutral,neutral
Xerox explores sale of leasing finance unit: sources https://t.co/TSblwqWjvT @gregroumeliotis @lianabaker $XRX,neutral,neutral,neutral,neutral,neutral
RT @WrigleyTom: Europe Closed | Mixed  US Snapshot Choppy but Rotation working  RS Retail-related $KSS $NKE $LULU $W $AMZN $VFC $KORS $GOOS…,neutral,neutral,neutral,neutral,neutral
Analysts See $0.66 EPS for ONEOK Inc. $OKE https://t.co/I7Il5cpObr,neutral,neutral,neutral,neutral,neutral
Sold $SYF @ 32.63 Buy @ 33.43. Loss of -2.13%  I will always post my losers! #VolQ $SPX $SPY $DIA $DJIA $FAAMG… https://t.co/awz4vFQgKE,neutral,negative,negative,neutral,neutral
$INSY   Undervalued Cannabis Pipeline @   https://t.co/BoARXMtZ62    // $FXI $ASHR $JJC $YINN $CAF $EWH $KWEB $YANG… https://t.co/aaiBtHdd9j,positive,neutral,neutral,neutral,neutral
"Reaffirmed: Illumina $ILMN ""Overweight"" Rating Reaffirmed at PiperJaffray; $329 Target in Place - https://t.co/ptU2HTVTFp",neutral,neutral,negative,positive,positive
$AAOI major reversal break of support. Why we use mechanical stops. Was stopped out at 46.50 for small loss and luc… https://t.co/L1ErShYuT6,neutral,neutral,negative,neutral,neutral
NPP's This Week In Trading 7.9.18 https://t.co/hL8W6OmMUM $SPX $AMD $ARRY $BABA $BAC $BX $C $CAT $DHI $DIS $ECA… https://t.co/FZOtvtvVM6,neutral,neutral,neutral,neutral,neutral
As Alexion Pharmaceuticals INC $ALXN Shares Declined Pura Vida Investments LLC Has Lifted Its Holding https://t.co/k4Hk4fYsg4,neutral,neutral,positive,negative,negative
Binance is one of the most prominent exchange in crypto. 💰  Register for BONUS ➡️ https://t.co/U8FIwN3Bk8  $CDT… https://t.co/0ThNAcOwNA,neutral,neutral,positive,neutral,neutral
RT @CloisterRes: Maybe I'm really dumb but how are food commodity prices only going down for like the past 10 years yet fertilizer oper…,neutral,negative,negative,neutral,negative
Intuit $INTU Stake Has Raised by Transamerica Financial Advisors Inc - https://t.co/zA7BFtKdlQ,neutral,neutral,neutral,positive,positive
Avery Dennison $AVY PT Set at $111.00 by Loop Capital https://t.co/BiYAtUohsK,neutral,neutral,neutral,neutral,neutral
We like $AMD before the release https://t.co/V2V9OAExuk,neutral,neutral,positive,neutral,neutral
@# @$ #@# %@# %@ %@#$ %#$ ^ #$^% $ $%&amp; $#  @% ^  ^@$ ^^ % &amp;%^ # ^* ^ %^ ^ ^ *^ #  ^ ^ ^* ^*s *s *s ^d ^sdd ^ % % %… https://t.co/ncV6czByVz,neutral,neutral,neutral,neutral,neutral
RT @tpetruno: $NFLX's drop of 5.2% after growth-data disappointment fails to deter buyers of other tech titans.  Tues (* = new high):  $NVD…,negative,negative,negative,negative,negative
$JPM $BRK/A Bond Traders Are Way Ahead of the Feds Powell via https://t.co/jURZDymPXI,neutral,neutral,neutral,neutral,neutral
Guggenheim Reiterates $156.00 Price Target for Advance Auto Parts $AAP https://t.co/8QSPLvIi59,neutral,neutral,neutral,neutral,neutral
Current $ARK price: $1.62 We verified that Binance is accepting new users! 🙌 💰  ➡️ https://t.co/1MGT8sIMN8… https://t.co/bo2PAeydKa,neutral,neutral,positive,neutral,neutral
Q2 2018 Earnings Forecast for Akamai Technologies Inc. Issued By Oppenheimer $AKAM https://t.co/NMxqfJKtHh,neutral,neutral,neutral,neutral,neutral
50% discount on all trades sign up today &amp; enjoy discounts 💰  Register for BONUS ➡️ https://t.co/U8FIwN3Bk8… https://t.co/u6rog8aayx,neutral,neutral,positive,neutral,neutral
Boston Properties $BXP Holding Boosted by Daiwa Securities Group Inc - https://t.co/yxN5pkpMH2,neutral,neutral,positive,neutral,positive
RT @SallyPancakes: .@jpmorgan's Jamie Dimon's note for @lloydblankfein posted on LinkedIn $GS $JPM (ht @readkrystalhu) https://t.co/YCFM06P…,neutral,neutral,neutral,neutral,neutral
Please AT&amp;T don't turn HBO into Netflix. We want to See More Niche Content which may not be Popular but at least Br… https://t.co/DJGoQutMub,neutral,neutral,positive,neutral,neutral
RT @ajaydevfan: Suno my friends Jise #Zindagi Na #Pasand ho toh #shamshan chale jaye __ ☝️☝️ Aur jise Mere #ajaydevgn nahi  pasand Hain T…,neutral,neutral,positive,neutral,neutral
These Stocks Are Turning The Corner: Huntington Bancshares Incorporated (HBAN ... https://t.co/1h8AwAe5VB $APC #stocks #stockmarket,neutral,neutral,neutral,neutral,neutral
Trade with up to 100x Leverage on Bitmex! 💰  Register for BONUS ➡️ https://t.co/gcBiS2GsnA  $PINK $SAN $EXCL $ATM… https://t.co/4dEi8u5wFe,neutral,neutral,positive,neutral,neutral
RT @TIPACorp: McDonald’s teams with @Starbucks on search for recyclable #compostable cups $MCD $SBUX https://t.co/LhjcCT7lhe,neutral,neutral,neutral,neutral,neutral
$PTEN New Insider Filing On:  Holcomb James Michael Transaction Code: M https://t.co/BmrLNE5sd5,neutral,neutral,neutral,neutral,neutral
Trade on Binance with 50% discount trading fee 💎  Register for BONUS ➡️ https://t.co/dCqftjfXZq  $MLN $RHOC $CHK… https://t.co/BXM14yXUgS,neutral,neutral,positive,neutral,neutral
don't miss out on registering on Binance before they close registrations again https://t.co/Nz7cto0Ges $BTC… https://t.co/8bDa3Hklos,neutral,neutral,positive,neutral,neutral
RT @cfromhertz: $RHT Sep 165/ 170 call sprd trades 9500 contracts opening.,neutral,neutral,neutral,neutral,neutral
$0.86 EPS Expected for Emerson Electric Co. $EMR https://t.co/M9LfuDhtGo,neutral,neutral,neutral,neutral,positive
Trndg ↗  $ENDP $ACGL $AAOI $AMD  Charts @ https://t.co/nxLx1EAwwq,neutral,neutral,neutral,neutral,neutral
Northrop Grumman Corp's $NOC Sentiment is 0.88 - https://t.co/lL3zMq4pCn,neutral,neutral,neutral,neutral,neutral
"Genocea's ""Genital Herpes Virus Vaccine GEN-003 May Work After All"" https://t.co/7IxV3eTsJd We already know GEN-003… https://t.co/3GrDFi6qB8",neutral,neutral,neutral,neutral,neutral
Analysts Expect TJX Companies Inc $TJX Will Post Quarterly Sales of $9.02 Billion https://t.co/pE3gjc8LCy,positive,neutral,neutral,neutral,positive
RT @Pennystock__: Good morning 🖐🖐😘#SiliconValley based  $ARYC on our radar today #ARYC @arrayit 👍👍 $BIIB $AAPL $MU $AZN $AXON $GLD $WWE $TW…,neutral,positive,positive,neutral,neutral
@Kopie72 @tastytraderMike Currently $148.85 and climbing. +3.72%. $155-$160 by Wednesday. $IBM #stockstowatch,positive,neutral,neutral,positive,positive
12 Times More Firms Complain About Currencies Than Tariffs https://t.co/La7tGsYnZ3 $JNJ $UDN,negative,neutral,negative,neutral,negative
Detail(change 1h)  $CREVA +79.68%  $LNC +62.64%  $NTO +49.97%  $TOA +34.34%  $USC +29.13%  #cryptocurrency,neutral,neutral,neutral,neutral,neutral
BB&amp;T Co. $BBT Expected to Post Earnings of $1.01 Per Share https://t.co/cy1MYsBx21,positive,neutral,positive,neutral,positive
What Will Happen to Murphy Oil Corporation $MUR Next? The Stock Has Decline in Shorts - https://t.co/0dZCJ4XN5e,negative,neutral,neutral,negative,negative
Head-To-Head Contrast: Viacom Inc. Class B $VIAB versus Hemisphere Media Group $HMTV https://t.co/xF1uHfXQNH,neutral,neutral,neutral,neutral,neutral
Revival of U.S. tourism to Cuba https://t.co/KLV9xVEpAO $NCLH $CCL $RCL $CUBA,neutral,neutral,neutral,positive,neutral
Express Scripts Holding Co $ESRX Shareholder Capital Counsel LLC Lowered Its Stake by $5.52 Million - https://t.co/6UO8uvk6Wq,neutral,neutral,negative,positive,negative
RT @excaliburcoin: 第15回フォロー&amp;リツイートイベント開催！  第7回の優勝賞品をみなさまへ  絵師さんのサイン入り色紙  各3名様(合計9名様)にプレゼント！  【応募条件】 このツイートをフォロー&amp;リツイート  【締切】 7/27 23:00  【当選通…,neutral,neutral,neutral,neutral,neutral
RT @JJOinvestments: $ADBE a close above 260 would be an ATH and pave the way for more upside,neutral,neutral,neutral,positive,positive
